<?xml version="1.0"?>
<Data><Image><Attachment Name="PreviewMarker" Application="LAS AF" IsPreviewImage="0"/><ImageDescription><Channels><ChannelDescription DataType="0" ChannelTag="0" Resolution="8" NameOfMeasuredQuantity="" Min="0.000000e+000" Max="2.550000e+002" Unit="" LUTName="Gray" IsLUTInverted="0" BytesInc="0" BitInc="0"></ChannelDescription><ChannelDescription DataType="0" ChannelTag="0" Resolution="8" NameOfMeasuredQuantity="" Min="0.000000e+000" Max="2.550000e+002" Unit="" LUTName="Glow (O&amp;U)" IsLUTInverted="0" BytesInc="262144" BitInc="0"></ChannelDescription></Channels><Dimensions><DimensionDescription DimID="1" NumberOfElements="512" Origin="4.637092e-005" Length="3.864369e-004" Unit="m" BitInc="0" BytesInc="1"></DimensionDescription><DimensionDescription DimID="2" NumberOfElements="512" Origin="-7.390965e-010" Length="3.864369e-004" Unit="m" BitInc="0" BytesInc="512"></DimensionDescription><DimensionDescription DimID="4" NumberOfElements="126" Origin="0.000000e+000" Length="7.500030e+002" Unit="s" BitInc="0" BytesInc="524288"></DimensionDescription></Dimensions></ImageDescription><Attachment Name="HardwareSettingList" Application="LAS AF"><HardwareSetting Name="default"><ScannerSetting><ScannerSettingRecord Identifier="SystemType" Unit="" Description="System Type" Data="0" Variant="TCS SP5" VariantType="8"/><ScannerSettingRecord Identifier="bAFUseFixSliceNumber" Unit="" Description="" Data="0" Variant="0" VariantType="3"/><ScannerSettingRecord Identifier="bAdaptiveFocusControlActive" Unit="" Description="" Data="0" Variant="0" VariantType="3"/><ScannerSettingRecord Identifier="bEnableRoiScan" Unit="" Description="RoiScan" Data="0" Variant="0" VariantType="17"/><ScannerSettingRecord Identifier="bIs3DLimitedRoiScanEnable" Unit="" Description="Is 3D limited ROI scan enable" Data="0" Variant="0" VariantType="17"/><ScannerSettingRecord Identifier="bIsSequential" Unit="" Description="IsSequential" Data="0" Variant="0" VariantType="11"/><ScannerSettingRecord Identifier="bIsSeriesScanAutofocusActive" Unit="" Description="" Data="0" Variant="0" VariantType="3"/><ScannerSettingRecord Identifier="bMinimizeMode" Unit="" Description="" Data="0" Variant="0" VariantType="17"/><ScannerSettingRecord Identifier="bSecondCrystal" Unit="" Description="" Data="0" Variant="1" VariantType="17"/><ScannerSettingRecord Identifier="bStepSizeConstant" Unit="" Description="StepSize Constant" Data="0" Variant="0" VariantType="17"/><ScannerSettingRecord Identifier="bStepSizerActivated" Unit="" Description="" Data="0" Variant="1" VariantType="17"/><ScannerSettingRecord Identifier="bUseCARSLight" Unit="" Description="CARS Shutter" Data="0" Variant="0" VariantType="17"/><ScannerSettingRecord Identifier="bUseChaserUVShutter" Unit="" Description="ChaserUVShutter" Data="0" Variant="0" VariantType="17"/><ScannerSettingRecord Identifier="bUseChaserVisibleShutter" Unit="" Description="ChaserVisibleShutter" Data="0" Variant="0" VariantType="17"/><ScannerSettingRecord Identifier="bUseFSOPOLight" Unit="" Description="FSOPO Shutter" Data="0" Variant="0" VariantType="17"/><ScannerSettingRecord Identifier="bUseMP2Shutter" Unit="" Description="MP2Shutter" Data="0" Variant="0" VariantType="17"/><ScannerSettingRecord Identifier="bUseMPShutter" Unit="" Description="MPShutter" Data="0" Variant="0" VariantType="17"/><ScannerSettingRecord Identifier="bUsePulsed635VisibleLight" Unit="" Description="Pulsed 635 (Visible) Shutter" Data="0" Variant="0" VariantType="17"/><ScannerSettingRecord Identifier="bUsePumpLight" Unit="" Description="Pump Shutter" Data="0" Variant="0" VariantType="17"/><ScannerSettingRecord Identifier="bUseSTED1Light" Unit="" Description="STED 1 Shutter" Data="0" Variant="0" VariantType="17"/><ScannerSettingRecord Identifier="bUseSTED2Light" Unit="" Description="STED 2 Shutter" Data="0" Variant="0" VariantType="17"/><ScannerSettingRecord Identifier="bUseSTED3Light" Unit="" Description="STED 3 Shutter" Data="0" Variant="0" VariantType="17"/><ScannerSettingRecord Identifier="bUseSTED4Light" Unit="" Description="STED 4 Shutter" Data="0" Variant="0" VariantType="17"/><ScannerSettingRecord Identifier="bUseStokesLight" Unit="" Description="Stokes Shutter" Data="0" Variant="0" VariantType="17"/><ScannerSettingRecord Identifier="bUseSuperContVisibleShutter" Unit="" Description="SupercontinuumVisibleShutter" Data="0" Variant="0" VariantType="17"/><ScannerSettingRecord Identifier="bUseUV405Shutter" Unit="" Description="UV405Shutter" Data="0" Variant="0" VariantType="17"/><ScannerSettingRecord Identifier="bUseUVShutter" Unit="" Description="UVShutter" Data="0" Variant="0" VariantType="17"/><ScannerSettingRecord Identifier="bUseVisibleShutter" Unit="" Description="VisibleShutter" Data="0" Variant="0" VariantType="17"/><ScannerSettingRecord Identifier="bValidBegin" Unit="" Description="" Data="0" Variant="0" VariantType="17"/><ScannerSettingRecord Identifier="bValidEnd" Unit="" Description="" Data="0" Variant="0" VariantType="17"/><ScannerSettingRecord Identifier="csLutName0" Unit="" Description="B:0.000000e+000 W:1.000000e+000 G:1.000000e+000" Data="1" Variant="Green" VariantType="8"/><ScannerSettingRecord Identifier="csLutName1" Unit="" Description="B:0.000000e+000 W:1.000000e+000 G:1.000000e+000" Data="2" Variant="Red" VariantType="8"/><ScannerSettingRecord Identifier="csLutName2" Unit="" Description="B:0.000000e+000 W:1.000000e+000 G:1.000000e+000" Data="3" Variant="Red" VariantType="8"/><ScannerSettingRecord Identifier="csLutName3" Unit="" Description="B:0.000000e+000 W:1.000000e+000 G:1.000000e+000" Data="100" Variant="Gray" VariantType="8"/><ScannerSettingRecord Identifier="csLutName4" Unit="" Description="B:0.000000e+000 W:1.000000e+000 G:1.000000e+000" Data="1000" Variant="Glow (O&amp;U)" VariantType="8"/><ScannerSettingRecord Identifier="csLutName5" Unit="" Description="B:0.000000e+000 W:1.000000e+000 G:1.000000e+000" Data="1001" Variant="Green" VariantType="8"/><ScannerSettingRecord Identifier="csScanMode" Unit="" Description="ScanMode" Data="0" Variant="xyt" VariantType="8"/><ScannerSettingRecord Identifier="dAdaptiveFocusControlAutonomousOffset" Unit="" Description="" Data="0" Variant="-2" VariantType="5"/><ScannerSettingRecord Identifier="dblAFCOffset" Unit="" Description="" Data="0" Variant="-2" VariantType="5"/><ScannerSettingRecord Identifier="dblAFFocusRange" Unit="" Description="" Data="0" Variant="0.00002" VariantType="5"/><ScannerSettingRecord Identifier="dblPinhole" Unit="" Description="Pinhole [m]" Data="0" Variant="6.00000028498471E-04" VariantType="5"/><ScannerSettingRecord Identifier="dblPinholeAiry" Unit="" Description="Pinhole [airy]" Data="0" Variant="10.7405318838053" VariantType="5"/><ScannerSettingRecord Identifier="dblSizeX" Unit="m" Description="Size-Width" Data="0" Variant="3.86436882019043E-04" VariantType="5"/><ScannerSettingRecord Identifier="dblSizeY" Unit="m" Description="Size-Height" Data="0" Variant="3.86436882019043E-04" VariantType="5"/><ScannerSettingRecord Identifier="dblSizeZ" Unit="s" Description="Size-Depth" Data="0" Variant="750" VariantType="5"/><ScannerSettingRecord Identifier="dblVoxelX" Unit="m" Description="Voxel-Width" Data="0" Variant="7.56236559724155E-07" VariantType="5"/><ScannerSettingRecord Identifier="dblVoxelY" Unit="m" Description="Voxel-Height" Data="0" Variant="7.56236559724155E-07" VariantType="5"/><ScannerSettingRecord Identifier="dblZoom" Unit="" Description="Zoom" Data="0" Variant="1.60440172470248" VariantType="5"/><ScannerSettingRecord Identifier="dwChannelMask" Unit="" Description="" Data="0" Variant="4128" VariantType="3"/><ScannerSettingRecord Identifier="dwLogiChMask" Unit="" Description="" Data="0" Variant="24" VariantType="3"/><ScannerSettingRecord Identifier="eAFAnalyseType" Unit="" Description="" Data="0" Variant="4" VariantType="3"/><ScannerSettingRecord Identifier="eAFSubsystem" Unit="" Description="" Data="0" Variant="0" VariantType="3"/><ScannerSettingRecord Identifier="eAFWorkflowTimelapse" Unit="" Description="" Data="0" Variant="2" VariantType="3"/><ScannerSettingRecord Identifier="eAFWorkflowXY" Unit="" Description="" Data="0" Variant="2" VariantType="3"/><ScannerSettingRecord Identifier="eAFZUseMode" Unit="" Description="" Data="0" Variant="1" VariantType="3"/><ScannerSettingRecord Identifier="eDataSource" Unit="" Description="" Data="0" Variant="0" VariantType="3"/><ScannerSettingRecord Identifier="eDirectional" Unit="" Description="Scan-Direction" Data="0" Variant="1" VariantType="3"/><ScannerSettingRecord Identifier="eDirectionalY" Unit="" Description="Y-Scan-Direction" Data="0" Variant="1" VariantType="3"/><ScannerSettingRecord Identifier="eSequentialMode" Unit="" Description="SequentialMode" Data="0" Variant="0" VariantType="3"/><ScannerSettingRecord Identifier="eZUseMode" Unit="" Description="" Data="0" Variant="1" VariantType="3"/><ScannerSettingRecord Identifier="m_bConstantIntegrationTimeActive" Unit="" Description="Maximum IntegrationTime Active" Data="0" Variant="0" VariantType="17"/><ScannerSettingRecord Identifier="nAFFixSliceNumber" Unit="" Description="" Data="0" Variant="0" VariantType="3"/><ScannerSettingRecord Identifier="nAFPrecision" Unit="" Description="" Data="0" Variant="3" VariantType="3"/><ScannerSettingRecord Identifier="nAFWorkflowTimelapseIterator" Unit="" Description="" Data="0" Variant="1" VariantType="3"/><ScannerSettingRecord Identifier="nAFWorkflowXYIterator" Unit="" Description="" Data="0" Variant="1" VariantType="3"/><ScannerSettingRecord Identifier="nAOBSConfigs" Unit="" Description="" Data="0" Variant="8" VariantType="3"/><ScannerSettingRecord Identifier="nAccumulation" Unit="" Description="Frame-Accumulation" Data="0" Variant="1" VariantType="3"/><ScannerSettingRecord Identifier="nAverageFrame" Unit="" Description="Frame-Average" Data="0" Variant="1" VariantType="3"/><ScannerSettingRecord Identifier="nAverageLine" Unit="" Description="Line-Average" Data="0" Variant="1" VariantType="3"/><ScannerSettingRecord Identifier="nBegin" Unit="" Description="" Data="0" Variant="0" VariantType="3"/><ScannerSettingRecord Identifier="nBit" Unit="" Description="Resolution" Data="0" Variant="8" VariantType="3"/><ScannerSettingRecord Identifier="nChannels" Unit="" Description="Channels" Data="0" Variant="2" VariantType="3"/><ScannerSettingRecord Identifier="nDelayTime_s" Unit="s" Description="Delay[s]" Data="0" Variant="6" VariantType="3"/><ScannerSettingRecord Identifier="nEnd" Unit="" Description="" Data="0" Variant="0" VariantType="3"/><ScannerSettingRecord Identifier="nFormatInDimension" Unit="" Description="Format-Width" Data="0" Variant="512" VariantType="3"/><ScannerSettingRecord Identifier="nFormatOutDimension" Unit="" Description="Format-Height" Data="0" Variant="512" VariantType="3"/><ScannerSettingRecord Identifier="nLineAccumulation" Unit="" Description="Line-Accumulation" Data="0" Variant="1" VariantType="3"/><ScannerSettingRecord Identifier="nLines" Unit="" Description="" Data="0" Variant="1.60440158844006" VariantType="5"/><ScannerSettingRecord Identifier="nPages" Unit="" Description="" Data="0" Variant="1.60440158843994" VariantType="5"/><ScannerSettingRecord Identifier="nRepeatActions" Unit="" Description="Iterations" Data="0" Variant="126" VariantType="3"/></ScannerSetting><FilterSetting><FilterSettingRecord ObjectName="AOBS" ClassName="CAotf" Attribute="Intensity" Description="AOBS (0)" Data="0" Variant="0" VariantType="5"/><FilterSettingRecord ObjectName="AOBS" ClassName="CAotf" Attribute="Intensity" Description="AOBS (1)" Data="1" Variant="0" VariantType="5"/><FilterSettingRecord ObjectName="AOBS" ClassName="CAotf" Attribute="Intensity" Description="AOBS (2)" Data="2" Variant="0" VariantType="5"/><FilterSettingRecord ObjectName="AOBS" ClassName="CAotf" Attribute="Intensity" Description="AOBS (3)" Data="3" Variant="0" VariantType="5"/><FilterSettingRecord ObjectName="AOBS" ClassName="CAotf" Attribute="Intensity" Description="AOBS (4)" Data="4" Variant="0" VariantType="5"/><FilterSettingRecord ObjectName="AOBS" ClassName="CAotf" Attribute="Intensity" Description="AOBS (5)" Data="5" Variant="0" VariantType="5"/><FilterSettingRecord ObjectName="AOBS" ClassName="CAotf" Attribute="Intensity" Description="AOBS (6)" Data="6" Variant="0" VariantType="5"/><FilterSettingRecord ObjectName="AOBS" ClassName="CAotf" Attribute="Intensity" Description="AOBS (7)" Data="7" Variant="0" VariantType="5"/><FilterSettingRecord ObjectName="AOBSLow" ClassName="CAotf" Attribute="Intensity" Description="AOBS (0)" Data="0" Variant="0" VariantType="5"/><FilterSettingRecord ObjectName="AOBSLow" ClassName="CAotf" Attribute="Intensity" Description="AOBS (1)" Data="1" Variant="0" VariantType="5"/><FilterSettingRecord ObjectName="AOBSLow" ClassName="CAotf" Attribute="Intensity" Description="AOBS (2)" Data="2" Variant="0" VariantType="5"/><FilterSettingRecord ObjectName="AOBSLow" ClassName="CAotf" Attribute="Intensity" Description="AOBS (3)" Data="3" Variant="0" VariantType="5"/><FilterSettingRecord ObjectName="AOBSLow" ClassName="CAotf" Attribute="Intensity" Description="AOBS (4)" Data="4" Variant="0" VariantType="5"/><FilterSettingRecord ObjectName="AOBSLow" ClassName="CAotf" Attribute="Intensity" Description="AOBS (5)" Data="5" Variant="0" VariantType="5"/><FilterSettingRecord ObjectName="AOBSLow" ClassName="CAotf" Attribute="Intensity" Description="AOBS (6)" Data="6" Variant="0" VariantType="5"/><FilterSettingRecord ObjectName="AOBSLow" ClassName="CAotf" Attribute="Intensity" Description="AOBS (7)" Data="7" Variant="0" VariantType="5"/><FilterSettingRecord ObjectName="MP EOM" ClassName="CAotf" Attribute="Gain" Description="MP Gain" Data="800" Variant="0" VariantType="5"/><FilterSettingRecord ObjectName="MP EOM" ClassName="CAotf" Attribute="Offset" Description="MP Offset" Data="0" Variant="0" VariantType="5"/><FilterSettingRecord ObjectName="MP EOM" ClassName="CAotf" Attribute="Intensity" Description="EOM (800)" Data="800" Variant="0" VariantType="5"/><FilterSettingRecord ObjectName="MP EOMLow" ClassName="CAotf" Attribute="Intensity" Description="EOM (800)" Data="800" Variant="0" VariantType="5"/><FilterSettingRecord ObjectName="Visible AOTF-7" ClassName="CAotf" Attribute="Intensity" Description="AOTF (458)" Data="458" Variant="0" VariantType="5"/><FilterSettingRecord ObjectName="Visible AOTF-7" ClassName="CAotf" Attribute="Intensity" Description="AOTF (476)" Data="476" Variant="0" VariantType="5"/><FilterSettingRecord ObjectName="Visible AOTF-7" ClassName="CAotf" Attribute="Intensity" Description="AOTF (488)" Data="488" Variant="0" VariantType="5"/><FilterSettingRecord ObjectName="Visible AOTF-7" ClassName="CAotf" Attribute="Intensity" Description="AOTF (496)" Data="496" Variant="0" VariantType="5"/><FilterSettingRecord ObjectName="Visible AOTF-7" ClassName="CAotf" Attribute="Intensity" Description="AOTF (514)" Data="514" Variant="0" VariantType="5"/><FilterSettingRecord ObjectName="Visible AOTF-7" ClassName="CAotf" Attribute="Intensity" Description="AOTF (543)" Data="543" Variant="0" VariantType="5"/><FilterSettingRecord ObjectName="Visible AOTF-7" ClassName="CAotf" Attribute="Intensity" Description="AOTF (633)" Data="633" Variant="0" VariantType="5"/><FilterSettingRecord ObjectName="Visible AOTF-7Low" ClassName="CAotf" Attribute="Intensity" Description="AOTF (458)" Data="458" Variant="0" VariantType="5"/><FilterSettingRecord ObjectName="Visible AOTF-7Low" ClassName="CAotf" Attribute="Intensity" Description="AOTF (476)" Data="476" Variant="0" VariantType="5"/><FilterSettingRecord ObjectName="Visible AOTF-7Low" ClassName="CAotf" Attribute="Intensity" Description="AOTF (488)" Data="488" Variant="0" VariantType="5"/><FilterSettingRecord ObjectName="Visible AOTF-7Low" ClassName="CAotf" Attribute="Intensity" Description="AOTF (496)" Data="496" Variant="0" VariantType="5"/><FilterSettingRecord ObjectName="Visible AOTF-7Low" ClassName="CAotf" Attribute="Intensity" Description="AOTF (514)" Data="514" Variant="0" VariantType="5"/><FilterSettingRecord ObjectName="Visible AOTF-7Low" ClassName="CAotf" Attribute="Intensity" Description="AOTF (543)" Data="543" Variant="0" VariantType="5"/><FilterSettingRecord ObjectName="Visible AOTF-7Low" ClassName="CAotf" Attribute="Intensity" Description="AOTF (633)" Data="633" Variant="0" VariantType="5"/><FilterSettingRecord ObjectName="PMT 1" ClassName="CDetectionUnit" Attribute="State" Description="PMT 1" Data="1" Variant="Inactive" VariantType="8"/><FilterSettingRecord ObjectName="PMT 2" ClassName="CDetectionUnit" Attribute="State" Description="PMT 2" Data="2" Variant="Inactive" VariantType="8"/><FilterSettingRecord ObjectName="PMT 3" ClassName="CDetectionUnit" Attribute="State" Description="PMT 3" Data="3" Variant="Inactive" VariantType="8"/><FilterSettingRecord ObjectName="PMT NDD1" ClassName="CDetectionUnit" Attribute="State" Description="PMT NDD1" Data="1000" Variant="Active" VariantType="8"/><FilterSettingRecord ObjectName="PMT NDD1" ClassName="CDetectionUnit" Attribute="VideoOffset" Description="PMT NDD1 (Offs.)" Data="1000" Variant="0" VariantType="5"/><FilterSettingRecord ObjectName="PMT NDD1" ClassName="CDetectionUnit" Attribute="HighVoltage" Description="PMT NDD1 (HV)" Data="1000" Variant="760.643167772946" VariantType="5"/><FilterSettingRecord ObjectName="PMT NDD1" ClassName="CDetectionUnit" Attribute="HighVoltageUnit" Description="PMT NDD1 (HV_Unit)" Data="1000" Variant="V" VariantType="8"/><FilterSettingRecord ObjectName="PMT NDD1" ClassName="CDetectionUnit" Attribute="PreampMode" Description="PMT NDD1 (Preamp)" Data="1000" Variant="Standard" VariantType="8"/><FilterSettingRecord ObjectName="PMT NDD2" ClassName="CDetectionUnit" Attribute="State" Description="PMT NDD2" Data="1001" Variant="Inactive" VariantType="8"/><FilterSettingRecord ObjectName="PMT Trans" ClassName="CDetectionUnit" Attribute="State" Description="PMT Trans" Data="100" Variant="Active" VariantType="8"/><FilterSettingRecord ObjectName="PMT Trans" ClassName="CDetectionUnit" Attribute="VideoOffset" Description="PMT Trans (Offs.)" Data="100" Variant="0" VariantType="5"/><FilterSettingRecord ObjectName="PMT Trans" ClassName="CDetectionUnit" Attribute="HighVoltage" Description="PMT Trans (HV)" Data="100" Variant="716.315709163043" VariantType="5"/><FilterSettingRecord ObjectName="PMT Trans" ClassName="CDetectionUnit" Attribute="HighVoltageUnit" Description="PMT Trans (HV_Unit)" Data="100" Variant="V" VariantType="8"/><FilterSettingRecord ObjectName="PMT Trans" ClassName="CDetectionUnit" Attribute="PreampMode" Description="PMT Trans (Preamp)" Data="100" Variant="Standard" VariantType="8"/><FilterSettingRecord ObjectName="Excitation FW MP" ClassName="CFilterWheel" Attribute="Filter" Description="Excitation FW MP" Data="0" Variant="ND 3" VariantType="8"/><FilterSettingRecord ObjectName="External Detection FW" ClassName="CFilterWheel" Attribute="Filter" Description="External Detection FW" Data="0" Variant="Mirror " VariantType="8"/><FilterSettingRecord ObjectName="Galvo Slider" ClassName="CFilterWheel" Attribute="Filter" Description="Galvo Slider" Data="0" Variant="Galvo X Normal " VariantType="8"/><FilterSettingRecord ObjectName="Multifunction Port (MFP)" ClassName="CFilterWheel" Attribute="Filter" Description="Multifunction Port (MFP)" Data="0" Variant="SP 665" VariantType="8"/><FilterSettingRecord ObjectName="Polarization FW" ClassName="CFilterWheel" Attribute="Filter" Description="Polarization FW" Data="0" Variant="Empty 1 " VariantType="8"/><FilterSettingRecord ObjectName="Reson. Galvo Pan" ClassName="CFilterWheel" Attribute="Filter" Description="Reson. Galvo Pan" Data="0" Variant="Galvo X Pan Center " VariantType="8"/><FilterSettingRecord ObjectName="Target Slider" ClassName="CFilterWheel" Attribute="Filter" Description="Target Slider" Data="0" Variant="Target Park " VariantType="8"/><FilterSettingRecord ObjectName="Hardware Tree (MASTER)" ClassName="CFolderHardwareTree" Attribute="Machine_Type" Description="Hardware Type No." Data="0" Variant="7" VariantType="5"/><FilterSettingRecord ObjectName="Hardware Tree (MASTER)" ClassName="CFolderHardwareTree" Attribute="System_Number" Description="System Number" Data="0" Variant="MASTER" VariantType="8"/><FilterSettingRecord ObjectName="Laser (Argon, visible)" ClassName="CLaser" Attribute="Wavelength" Description="Laser wavelength" Data="0" Variant="458" VariantType="3"/><FilterSettingRecord ObjectName="Laser (Argon, visible)" ClassName="CLaser" Attribute="Power State" Description="Power State" Data="0" Variant="Off" VariantType="8"/><FilterSettingRecord ObjectName="Laser (Argon, visible)" ClassName="CLaser" Attribute="Output Power" Description="Laser output power" Data="0" Variant="0" VariantType="5"/><FilterSettingRecord ObjectName="Laser (HeNe 543, visible)" ClassName="CLaser" Attribute="Wavelength" Description="Laser wavelength" Data="0" Variant="543" VariantType="3"/><FilterSettingRecord ObjectName="Laser (HeNe 543, visible)" ClassName="CLaser" Attribute="Power State" Description="Power State" Data="0" Variant="Off" VariantType="8"/><FilterSettingRecord ObjectName="Laser (HeNe 633, visible)" ClassName="CLaser" Attribute="Wavelength" Description="Laser wavelength" Data="0" Variant="633" VariantType="3"/><FilterSettingRecord ObjectName="Laser (HeNe 633, visible)" ClassName="CLaser" Attribute="Power State" Description="Power State" Data="0" Variant="Off" VariantType="8"/><FilterSettingRecord ObjectName="Laser (IR, MP)" ClassName="CLaser" Attribute="Wavelength" Description="Laser wavelength" Data="0" Variant="800" VariantType="3"/><FilterSettingRecord ObjectName="Laser (IR, MP)" ClassName="CLaser" Attribute="Power State" Description="Power State" Data="0" Variant="Off" VariantType="8"/><FilterSettingRecord ObjectName="Laser (IR, MP)" ClassName="CLaser" Attribute="Output  Power" Description="Laser output power" Data="0" Variant="0.00W (800nm)" VariantType="8"/><FilterSettingRecord ObjectName="DM6000" ClassName="CMicroscopeStand" Attribute="TLD_Settings" Description="TLD_Settings" Data="0" Variant="-1" VariantType="3"/><FilterSettingRecord ObjectName="DM6000" ClassName="CMicroscopeStand" Attribute="RLD_Settings" Description="RLD_Settings" Data="0" Variant="500" VariantType="3"/><FilterSettingRecord ObjectName="Scan Field Rotator MA4" ClassName="CRotator" Attribute="Scan Rotation" Description="Scan Field Rotation" Data="0" Variant="0" VariantType="5"/><FilterSettingRecord ObjectName="Scan Field Rotator MA4" ClassName="CRotator" Attribute="Rotation Direction" Description="Rotation Direction" Data="0" Variant="1" VariantType="3"/><FilterSettingRecord ObjectName="X Scan Actuator" ClassName="CScanActuator" Attribute="ScanPlane" Description="X Scan Actuator" Data="0" Variant="Active" VariantType="8"/><FilterSettingRecord ObjectName="X Scan Actuator" ClassName="CScanActuator" Attribute="IsWholeRangeOfSuperZEnabled" Description="X Scan Actuator (POS)" Data="0" Variant="0" VariantType="3"/><FilterSettingRecord ObjectName="X Scan Actuator" ClassName="CScanActuator" Attribute="Gain" Description="X Scan Actuator (Gain)" Data="0" Variant="1.60440172470248" VariantType="5"/><FilterSettingRecord ObjectName="X Scan Actuator" ClassName="CScanActuator" Attribute="Offset" Description="X Scan Actuator (Offs.)" Data="0" Variant="1.15927291974127E-03" VariantType="5"/><FilterSettingRecord ObjectName="Y Scan Actuator" ClassName="CScanActuator" Attribute="ScanPlane" Description="Y Scan Actuator" Data="0" Variant="Active" VariantType="8"/><FilterSettingRecord ObjectName="Y Scan Actuator" ClassName="CScanActuator" Attribute="IsWholeRangeOfSuperZEnabled" Description="Y Scan Actuator (POS)" Data="0" Variant="0" VariantType="3"/><FilterSettingRecord ObjectName="Y Scan Actuator" ClassName="CScanActuator" Attribute="Gain" Description="Y Scan Actuator (Gain)" Data="0" Variant="1.60440172470248" VariantType="5"/><FilterSettingRecord ObjectName="Y Scan Actuator" ClassName="CScanActuator" Attribute="Offset" Description="Y Scan Actuator (Offs.)" Data="0" Variant="-1.84774134482507E-08" VariantType="5"/><FilterSettingRecord ObjectName="Z Scan Actuator" ClassName="CScanActuator" Attribute="ScanPlane" Description="Z Scan Actuator" Data="0" Variant="Inactive" VariantType="8"/><FilterSettingRecord ObjectName="Z Scan Actuator" ClassName="CScanActuator" Attribute="IsWholeRangeOfSuperZEnabled" Description="Z Scan Actuator (POS)" Data="0" Variant="0" VariantType="3"/><FilterSettingRecord ObjectName="Z Scan Actuator" ClassName="CScanActuator" Attribute="Position" Description="Z Scan Actuator (POS)" Data="0" Variant="9.96683594401926E-05" VariantType="5"/><FilterSettingRecord ObjectName="Scan Head" ClassName="CScanCtrlUnit" Attribute="Speed" Description="Scan Speed" Data="1" Variant="100" VariantType="5"/><FilterSettingRecord ObjectName="Scan Head" ClassName="CScanCtrlUnit" Attribute="Phase" Description="Phase" Data="0" Variant="-33.9986266880293" VariantType="5"/><FilterSettingRecord ObjectName="Scan Head" ClassName="CScanCtrlUnit" Attribute="Y-Phase" Description="Y-Phase" Data="0" Variant="0" VariantType="5"/><FilterSettingRecord ObjectName="Scan Head" ClassName="CScanCtrlUnit" Attribute="SMD-Phase" Description="SMD-Phase" Data="0" Variant="0" VariantType="5"/><FilterSettingRecord ObjectName="SP Mirror Channel 1" ClassName="CSpectrophotometerUnit" Attribute="Wavelength" Description="SP Mirror Channel 1 (left)" Data="0" Variant="380" VariantType="5"/><FilterSettingRecord ObjectName="SP Mirror Channel 1" ClassName="CSpectrophotometerUnit" Attribute="Wavelength" Description="SP Mirror Channel 1 (right)" Data="1" Variant="418.181818181818" VariantType="5"/><FilterSettingRecord ObjectName="SP Mirror Channel 1" ClassName="CSpectrophotometerUnit" Attribute="Stain" Description="SP Mirror Channel 1 (stain)" Data="0" Variant="" VariantType="8"/><FilterSettingRecord ObjectName="SP Mirror Channel 2" ClassName="CSpectrophotometerUnit" Attribute="Wavelength" Description="SP Mirror Channel 2 (left)" Data="0" Variant="517.272727272727" VariantType="5"/><FilterSettingRecord ObjectName="SP Mirror Channel 2" ClassName="CSpectrophotometerUnit" Attribute="Wavelength" Description="SP Mirror Channel 2 (right)" Data="1" Variant="569.480519480519" VariantType="5"/><FilterSettingRecord ObjectName="SP Mirror Channel 2" ClassName="CSpectrophotometerUnit" Attribute="Stain" Description="SP Mirror Channel 2 (stain)" Data="0" Variant="" VariantType="8"/><FilterSettingRecord ObjectName="SP Mirror Channel 3" ClassName="CSpectrophotometerUnit" Attribute="Wavelength" Description="SP Mirror Channel 3 (left)" Data="0" Variant="775.844155844156" VariantType="5"/><FilterSettingRecord ObjectName="SP Mirror Channel 3" ClassName="CSpectrophotometerUnit" Attribute="Wavelength" Description="SP Mirror Channel 3 (right)" Data="1" Variant="800" VariantType="5"/><FilterSettingRecord ObjectName="SP Mirror Channel 3" ClassName="CSpectrophotometerUnit" Attribute="Stain" Description="SP Mirror Channel 3 (stain)" Data="0" Variant="" VariantType="8"/><FilterSettingRecord ObjectName="DM6000 TubeOptic" ClassName="CTubeOptic" Attribute="Magnification" Description="Magnification-Changer" Data="0" Variant="SCANx" VariantType="8"/><FilterSettingRecord ObjectName="DM6000 TubeOptic" ClassName="CTubeOptic" Attribute="Position" Description="Position" Data="0" Variant="1" VariantType="3"/><FilterSettingRecord ObjectName="DM6000 Turret" ClassName="CTurret" Attribute="Objective" Description="Objective" Data="0" Variant="HC PL FLUOTAR  25.0x0.95 WATER " VariantType="8"/><FilterSettingRecord ObjectName="DM6000 Turret" ClassName="CTurret" Attribute="OrderNumber" Description="Order number (Obj.)" Data="0" Variant="11506323" VariantType="3"/><FilterSettingRecord ObjectName="DM6000 Turret" ClassName="CTurret" Attribute="NumericalAperture" Description="Numerical aperture (Obj.)" Data="0" Variant="0.95" VariantType="5"/><FilterSettingRecord ObjectName="DM6000 Turret" ClassName="CTurret" Attribute="RefractionIndex" Description="Refraction index" Data="0" Variant="1.33" VariantType="5"/><FilterSettingRecord ObjectName="DM6000 Turret" ClassName="CTurret" Attribute="DUMMYNAME" Description="Dummy Name (Obj.)" Data="0" Variant="Dummy2" VariantType="8"/><FilterSettingRecord ObjectName="DM6000 Stage" ClassName="CXYZStage" Attribute="XPosOrigin" Description="DM6000 Stage XOrigin" Data="0" Variant="0" VariantType="5"/><FilterSettingRecord ObjectName="DM6000 Stage" ClassName="CXYZStage" Attribute="YPosOrigin" Description="DM6000 Stage YOrigin" Data="0" Variant="0" VariantType="5"/><FilterSettingRecord ObjectName="DM6000 Stage" ClassName="CXYZStage" Attribute="ZPosOrigin" Description="DM6000 Stage ZOrigin" Data="0" Variant="0" VariantType="5"/><FilterSettingRecord ObjectName="DM6000 Stage" ClassName="CXYZStage" Attribute="XPos" Description="DM6000 Stage Pos x" Data="0" Variant="0.0485977211922" VariantType="5"/><FilterSettingRecord ObjectName="DM6000 Stage" ClassName="CXYZStage" Attribute="YPos" Description="DM6000 Stage Pos y" Data="0" Variant="0.0228543928794" VariantType="5"/><FilterSettingRecord ObjectName="DM6000 Stage" ClassName="CXYZStage" Attribute="ZPos" Description="DM6000 Stage Pos z" Data="0" Variant="0" VariantType="5"/></FilterSetting></HardwareSetting></Attachment><TimeStampList><TimeStamp HighInteger="30832012" LowInteger="3676860448"/><TimeStamp HighInteger="30832012" LowInteger="3676860448"/><TimeStamp HighInteger="30832012" LowInteger="3736860448"/><TimeStamp HighInteger="30832012" LowInteger="3736860448"/><TimeStamp HighInteger="30832012" LowInteger="3796860448"/><TimeStamp HighInteger="30832012" LowInteger="3796860448"/><TimeStamp HighInteger="30832012" LowInteger="3856860448"/><TimeStamp HighInteger="30832012" LowInteger="3856860448"/><TimeStamp HighInteger="30832012" LowInteger="3916860448"/><TimeStamp HighInteger="30832012" LowInteger="3916860448"/><TimeStamp HighInteger="30832012" LowInteger="3976860448"/><TimeStamp HighInteger="30832012" LowInteger="3976860448"/><TimeStamp HighInteger="30832012" LowInteger="4036860448"/><TimeStamp HighInteger="30832012" LowInteger="4036860448"/><TimeStamp HighInteger="30832012" LowInteger="4096860448"/><TimeStamp HighInteger="30832012" LowInteger="4096860448"/><TimeStamp HighInteger="30832012" LowInteger="4156860448"/><TimeStamp HighInteger="30832012" LowInteger="4156860448"/><TimeStamp HighInteger="30832012" LowInteger="4216860448"/><TimeStamp HighInteger="30832012" LowInteger="4216860448"/><TimeStamp HighInteger="30832012" LowInteger="4276860448"/><TimeStamp HighInteger="30832012" LowInteger="4276860448"/><TimeStamp HighInteger="30832013" LowInteger="41893152"/><TimeStamp HighInteger="30832013" LowInteger="41893152"/><TimeStamp HighInteger="30832013" LowInteger="101893152"/><TimeStamp HighInteger="30832013" LowInteger="101893152"/><TimeStamp HighInteger="30832013" LowInteger="161893152"/><TimeStamp HighInteger="30832013" LowInteger="161893152"/><TimeStamp HighInteger="30832013" LowInteger="221893152"/><TimeStamp HighInteger="30832013" LowInteger="221893152"/><TimeStamp HighInteger="30832013" LowInteger="281893152"/><TimeStamp HighInteger="30832013" LowInteger="281893152"/><TimeStamp HighInteger="30832013" LowInteger="341893152"/><TimeStamp HighInteger="30832013" LowInteger="341893152"/><TimeStamp HighInteger="30832013" LowInteger="401893152"/><TimeStamp HighInteger="30832013" LowInteger="401893152"/><TimeStamp HighInteger="30832013" LowInteger="461893152"/><TimeStamp HighInteger="30832013" LowInteger="461893152"/><TimeStamp HighInteger="30832013" LowInteger="521893152"/><TimeStamp HighInteger="30832013" LowInteger="521893152"/><TimeStamp HighInteger="30832013" LowInteger="581893152"/><TimeStamp HighInteger="30832013" LowInteger="581893152"/><TimeStamp HighInteger="30832013" LowInteger="641903152"/><TimeStamp HighInteger="30832013" LowInteger="641903152"/><TimeStamp HighInteger="30832013" LowInteger="701903152"/><TimeStamp HighInteger="30832013" LowInteger="701903152"/><TimeStamp HighInteger="30832013" LowInteger="761903152"/><TimeStamp HighInteger="30832013" LowInteger="761903152"/><TimeStamp HighInteger="30832013" LowInteger="821903152"/><TimeStamp HighInteger="30832013" LowInteger="821903152"/><TimeStamp HighInteger="30832013" LowInteger="881903152"/><TimeStamp HighInteger="30832013" LowInteger="881903152"/><TimeStamp HighInteger="30832013" LowInteger="941903152"/><TimeStamp HighInteger="30832013" LowInteger="941903152"/><TimeStamp HighInteger="30832013" LowInteger="1001903152"/><TimeStamp HighInteger="30832013" LowInteger="1001903152"/><TimeStamp HighInteger="30832013" LowInteger="1061903152"/><TimeStamp HighInteger="30832013" LowInteger="1061903152"/><TimeStamp HighInteger="30832013" LowInteger="1121903152"/><TimeStamp HighInteger="30832013" LowInteger="1121903152"/><TimeStamp HighInteger="30832013" LowInteger="1181903152"/><TimeStamp HighInteger="30832013" LowInteger="1181903152"/><TimeStamp HighInteger="30832013" LowInteger="1241903152"/><TimeStamp HighInteger="30832013" LowInteger="1241903152"/><TimeStamp HighInteger="30832013" LowInteger="1301903152"/><TimeStamp HighInteger="30832013" LowInteger="1301903152"/><TimeStamp HighInteger="30832013" LowInteger="1361903152"/><TimeStamp HighInteger="30832013" LowInteger="1361903152"/><TimeStamp HighInteger="30832013" LowInteger="1421903152"/><TimeStamp HighInteger="30832013" LowInteger="1421903152"/><TimeStamp HighInteger="30832013" LowInteger="1481903152"/><TimeStamp HighInteger="30832013" LowInteger="1481903152"/><TimeStamp HighInteger="30832013" LowInteger="1541903152"/><TimeStamp HighInteger="30832013" LowInteger="1541903152"/><TimeStamp HighInteger="30832013" LowInteger="1601903152"/><TimeStamp HighInteger="30832013" LowInteger="1601903152"/><TimeStamp HighInteger="30832013" LowInteger="1661903152"/><TimeStamp HighInteger="30832013" LowInteger="1661903152"/><TimeStamp HighInteger="30832013" LowInteger="1721903152"/><TimeStamp HighInteger="30832013" LowInteger="1721903152"/><TimeStamp HighInteger="30832013" LowInteger="1781903152"/><TimeStamp HighInteger="30832013" LowInteger="1781903152"/><TimeStamp HighInteger="30832013" LowInteger="1841903152"/><TimeStamp HighInteger="30832013" LowInteger="1841903152"/><TimeStamp HighInteger="30832013" LowInteger="1901903152"/><TimeStamp HighInteger="30832013" LowInteger="1901903152"/><TimeStamp HighInteger="30832013" LowInteger="1961903152"/><TimeStamp HighInteger="30832013" LowInteger="1961903152"/><TimeStamp HighInteger="30832013" LowInteger="2021903152"/><TimeStamp HighInteger="30832013" LowInteger="2021903152"/><TimeStamp HighInteger="30832013" LowInteger="2081903152"/><TimeStamp HighInteger="30832013" LowInteger="2081903152"/><TimeStamp HighInteger="30832013" LowInteger="2141903152"/><TimeStamp HighInteger="30832013" LowInteger="2141903152"/><TimeStamp HighInteger="30832013" LowInteger="2201903152"/><TimeStamp HighInteger="30832013" LowInteger="2201903152"/><TimeStamp HighInteger="30832013" LowInteger="2261903152"/><TimeStamp HighInteger="30832013" LowInteger="2261903152"/><TimeStamp HighInteger="30832013" LowInteger="2321903152"/><TimeStamp HighInteger="30832013" LowInteger="2321903152"/><TimeStamp HighInteger="30832013" LowInteger="2381903152"/><TimeStamp HighInteger="30832013" LowInteger="2381903152"/><TimeStamp HighInteger="30832013" LowInteger="2441903152"/><TimeStamp HighInteger="30832013" LowInteger="2441903152"/><TimeStamp HighInteger="30832013" LowInteger="2501903152"/><TimeStamp HighInteger="30832013" LowInteger="2501903152"/><TimeStamp HighInteger="30832013" LowInteger="2561903152"/><TimeStamp HighInteger="30832013" LowInteger="2561903152"/><TimeStamp HighInteger="30832013" LowInteger="2621903152"/><TimeStamp HighInteger="30832013" LowInteger="2621903152"/><TimeStamp HighInteger="30832013" LowInteger="2681903152"/><TimeStamp HighInteger="30832013" LowInteger="2681903152"/><TimeStamp HighInteger="30832013" LowInteger="2741903152"/><TimeStamp HighInteger="30832013" LowInteger="2741903152"/><TimeStamp HighInteger="30832013" LowInteger="2801903152"/><TimeStamp HighInteger="30832013" LowInteger="2801903152"/><TimeStamp HighInteger="30832013" LowInteger="2861903152"/><TimeStamp HighInteger="30832013" LowInteger="2861903152"/><TimeStamp HighInteger="30832013" LowInteger="2921903152"/><TimeStamp HighInteger="30832013" LowInteger="2921903152"/><TimeStamp HighInteger="30832013" LowInteger="2981903152"/><TimeStamp HighInteger="30832013" LowInteger="2981903152"/><TimeStamp HighInteger="30832013" LowInteger="3041903152"/><TimeStamp HighInteger="30832013" LowInteger="3041903152"/><TimeStamp HighInteger="30832013" LowInteger="3101913152"/><TimeStamp HighInteger="30832013" LowInteger="3101913152"/><TimeStamp HighInteger="30832013" LowInteger="3161913152"/><TimeStamp HighInteger="30832013" LowInteger="3161913152"/><TimeStamp HighInteger="30832013" LowInteger="3221913152"/><TimeStamp HighInteger="30832013" LowInteger="3221913152"/><TimeStamp HighInteger="30832013" LowInteger="3281913152"/><TimeStamp HighInteger="30832013" LowInteger="3281913152"/><TimeStamp HighInteger="30832013" LowInteger="3341913152"/><TimeStamp HighInteger="30832013" LowInteger="3341913152"/><TimeStamp HighInteger="30832013" LowInteger="3401913152"/><TimeStamp HighInteger="30832013" LowInteger="3401913152"/><TimeStamp HighInteger="30832013" LowInteger="3461913152"/><TimeStamp HighInteger="30832013" LowInteger="3461913152"/><TimeStamp HighInteger="30832013" LowInteger="3521913152"/><TimeStamp HighInteger="30832013" LowInteger="3521913152"/><TimeStamp HighInteger="30832013" LowInteger="3581913152"/><TimeStamp HighInteger="30832013" LowInteger="3581913152"/><TimeStamp HighInteger="30832013" LowInteger="3641913152"/><TimeStamp HighInteger="30832013" LowInteger="3641913152"/><TimeStamp HighInteger="30832013" LowInteger="3701913152"/><TimeStamp HighInteger="30832013" LowInteger="3701913152"/><TimeStamp HighInteger="30832013" LowInteger="3761913152"/><TimeStamp HighInteger="30832013" LowInteger="3761913152"/><TimeStamp HighInteger="30832013" LowInteger="3821913152"/><TimeStamp HighInteger="30832013" LowInteger="3821913152"/><TimeStamp HighInteger="30832013" LowInteger="3881913152"/><TimeStamp HighInteger="30832013" LowInteger="3881913152"/><TimeStamp HighInteger="30832013" LowInteger="3941913152"/><TimeStamp HighInteger="30832013" LowInteger="3941913152"/><TimeStamp HighInteger="30832013" LowInteger="4001913152"/><TimeStamp HighInteger="30832013" LowInteger="4001913152"/><TimeStamp HighInteger="30832013" LowInteger="4061913152"/><TimeStamp HighInteger="30832013" LowInteger="4061913152"/><TimeStamp HighInteger="30832013" LowInteger="4121913152"/><TimeStamp HighInteger="30832013" LowInteger="4121913152"/><TimeStamp HighInteger="30832013" LowInteger="4181913152"/><TimeStamp HighInteger="30832013" LowInteger="4181913152"/><TimeStamp HighInteger="30832013" LowInteger="4241913152"/><TimeStamp HighInteger="30832013" LowInteger="4241913152"/><TimeStamp HighInteger="30832014" LowInteger="6945856"/><TimeStamp HighInteger="30832014" LowInteger="6945856"/><TimeStamp HighInteger="30832014" LowInteger="66945856"/><TimeStamp HighInteger="30832014" LowInteger="66945856"/><TimeStamp HighInteger="30832014" LowInteger="126945856"/><TimeStamp HighInteger="30832014" LowInteger="126945856"/><TimeStamp HighInteger="30832014" LowInteger="186945856"/><TimeStamp HighInteger="30832014" LowInteger="186945856"/><TimeStamp HighInteger="30832014" LowInteger="246945856"/><TimeStamp HighInteger="30832014" LowInteger="246945856"/><TimeStamp HighInteger="30832014" LowInteger="306945856"/><TimeStamp HighInteger="30832014" LowInteger="306945856"/><TimeStamp HighInteger="30832014" LowInteger="366945856"/><TimeStamp HighInteger="30832014" LowInteger="366945856"/><TimeStamp HighInteger="30832014" LowInteger="426945856"/><TimeStamp HighInteger="30832014" LowInteger="426945856"/><TimeStamp HighInteger="30832014" LowInteger="486945856"/><TimeStamp HighInteger="30832014" LowInteger="486945856"/><TimeStamp HighInteger="30832014" LowInteger="546945856"/><TimeStamp HighInteger="30832014" LowInteger="546945856"/><TimeStamp HighInteger="30832014" LowInteger="606945856"/><TimeStamp HighInteger="30832014" LowInteger="606945856"/><TimeStamp HighInteger="30832014" LowInteger="666945856"/><TimeStamp HighInteger="30832014" LowInteger="666945856"/><TimeStamp HighInteger="30832014" LowInteger="726945856"/><TimeStamp HighInteger="30832014" LowInteger="726945856"/><TimeStamp HighInteger="30832014" LowInteger="786945856"/><TimeStamp HighInteger="30832014" LowInteger="786945856"/><TimeStamp HighInteger="30832014" LowInteger="846945856"/><TimeStamp HighInteger="30832014" LowInteger="846945856"/><TimeStamp HighInteger="30832014" LowInteger="906945856"/><TimeStamp HighInteger="30832014" LowInteger="906945856"/><TimeStamp HighInteger="30832014" LowInteger="966945856"/><TimeStamp HighInteger="30832014" LowInteger="966945856"/><TimeStamp HighInteger="30832014" LowInteger="1026945856"/><TimeStamp HighInteger="30832014" LowInteger="1026945856"/><TimeStamp HighInteger="30832014" LowInteger="1086945856"/><TimeStamp HighInteger="30832014" LowInteger="1086945856"/><TimeStamp HighInteger="30832014" LowInteger="1146945856"/><TimeStamp HighInteger="30832014" LowInteger="1146945856"/><TimeStamp HighInteger="30832014" LowInteger="1206945856"/><TimeStamp HighInteger="30832014" LowInteger="1206945856"/><TimeStamp HighInteger="30832014" LowInteger="1266945856"/><TimeStamp HighInteger="30832014" LowInteger="1266945856"/><TimeStamp HighInteger="30832014" LowInteger="1326955856"/><TimeStamp HighInteger="30832014" LowInteger="1326955856"/><TimeStamp HighInteger="30832014" LowInteger="1386955856"/><TimeStamp HighInteger="30832014" LowInteger="1386955856"/><TimeStamp HighInteger="30832014" LowInteger="1446955856"/><TimeStamp HighInteger="30832014" LowInteger="1446955856"/><TimeStamp HighInteger="30832014" LowInteger="1506955856"/><TimeStamp HighInteger="30832014" LowInteger="1506955856"/><TimeStamp HighInteger="30832014" LowInteger="1566955856"/><TimeStamp HighInteger="30832014" LowInteger="1566955856"/><TimeStamp HighInteger="30832014" LowInteger="1626955856"/><TimeStamp HighInteger="30832014" LowInteger="1626955856"/><TimeStamp HighInteger="30832014" LowInteger="1686955856"/><TimeStamp HighInteger="30832014" LowInteger="1686955856"/><TimeStamp HighInteger="30832014" LowInteger="1746955856"/><TimeStamp HighInteger="30832014" LowInteger="1746955856"/><TimeStamp HighInteger="30832014" LowInteger="1806955856"/><TimeStamp HighInteger="30832014" LowInteger="1806955856"/><TimeStamp HighInteger="30832014" LowInteger="1866955856"/><TimeStamp HighInteger="30832014" LowInteger="1866955856"/><TimeStamp HighInteger="30832014" LowInteger="1926955856"/><TimeStamp HighInteger="30832014" LowInteger="1926955856"/><TimeStamp HighInteger="30832014" LowInteger="1986955856"/><TimeStamp HighInteger="30832014" LowInteger="1986955856"/><TimeStamp HighInteger="30832014" LowInteger="2046955856"/><TimeStamp HighInteger="30832014" LowInteger="2046955856"/><TimeStamp HighInteger="30832014" LowInteger="2106955856"/><TimeStamp HighInteger="30832014" LowInteger="2106955856"/><TimeStamp HighInteger="30832014" LowInteger="2166955856"/><TimeStamp HighInteger="30832014" LowInteger="2166955856"/><TimeStamp HighInteger="30832014" LowInteger="2226955856"/><TimeStamp HighInteger="30832014" LowInteger="2226955856"/><TimeStamp HighInteger="30832014" LowInteger="2286955856"/><TimeStamp HighInteger="30832014" LowInteger="2286955856"/><TimeStamp HighInteger="30832014" LowInteger="2346955856"/><TimeStamp HighInteger="30832014" LowInteger="2346955856"/><TimeStamp HighInteger="30832014" LowInteger="2406955856"/><TimeStamp HighInteger="30832014" LowInteger="2406955856"/><TimeStamp HighInteger="30832014" LowInteger="2466955856"/><TimeStamp HighInteger="30832014" LowInteger="2466955856"/><TimeStamp HighInteger="30832014" LowInteger="2526955856"/><TimeStamp HighInteger="30832014" LowInteger="2526955856"/><TimeStamp HighInteger="30832014" LowInteger="2586955856"/><TimeStamp HighInteger="30832014" LowInteger="2586955856"/></TimeStampList><Attachment Name="ChannelAttachment" Application="LAS AF"/><Attachment Name="ViewerScaling" Application="LAS AF"><ChannelScalingInfo BackgroundLutName="" WhiteValue="1" BlackValue="0" GammaValue="1" Automatic="0"/><ChannelScalingInfo BackgroundLutName="" WhiteValue="1" BlackValue="0" GammaValue="1" Automatic="0"/></Attachment><Attachment Name="ImageXMLDocument" Application="LAS AF"><RootNode/>
		</Attachment></Image></Data>
